-- MySQL dump 10.13  Distrib 8.0.24, for Win64 (x86_64)
--
-- Host: 127.0.0.1    Database: inventory_db
-- ------------------------------------------------------
-- Server version	8.0.41

/*!40101 SET @OLD_CHARACTER_SET_CLIENT=@@CHARACTER_SET_CLIENT */;
/*!40101 SET @OLD_CHARACTER_SET_RESULTS=@@CHARACTER_SET_RESULTS */;
/*!40101 SET @OLD_COLLATION_CONNECTION=@@COLLATION_CONNECTION */;
/*!50503 SET NAMES utf8 */;
/*!40103 SET @OLD_TIME_ZONE=@@TIME_ZONE */;
/*!40103 SET TIME_ZONE='+00:00' */;
/*!40014 SET @OLD_UNIQUE_CHECKS=@@UNIQUE_CHECKS, UNIQUE_CHECKS=0 */;
/*!40014 SET @OLD_FOREIGN_KEY_CHECKS=@@FOREIGN_KEY_CHECKS, FOREIGN_KEY_CHECKS=0 */;
/*!40101 SET @OLD_SQL_MODE=@@SQL_MODE, SQL_MODE='NO_AUTO_VALUE_ON_ZERO' */;
/*!40111 SET @OLD_SQL_NOTES=@@SQL_NOTES, SQL_NOTES=0 */;

--
-- Table structure for table `category`
--

DROP TABLE IF EXISTS `category`;
/*!40101 SET @saved_cs_client     = @@character_set_client */;
/*!50503 SET character_set_client = utf8mb4 */;
CREATE TABLE `category` (
  `category_id` int NOT NULL AUTO_INCREMENT,
  `name` varchar(100) NOT NULL,
  PRIMARY KEY (`category_id`),
  UNIQUE KEY `name` (`name`)
) ENGINE=InnoDB AUTO_INCREMENT=4 DEFAULT CHARSET=utf8mb4 COLLATE=utf8mb4_0900_ai_ci;
/*!40101 SET character_set_client = @saved_cs_client */;

--
-- Dumping data for table `category`
--

LOCK TABLES `category` WRITE;
/*!40000 ALTER TABLE `category` DISABLE KEYS */;
INSERT INTO `category` VALUES (1,'Electronics'),(3,'Groceries'),(2,'Office Supplies');
/*!40000 ALTER TABLE `category` ENABLE KEYS */;
UNLOCK TABLES;

--
-- Table structure for table `employee`
--

DROP TABLE IF EXISTS `employee`;
/*!40101 SET @saved_cs_client     = @@character_set_client */;
/*!50503 SET character_set_client = utf8mb4 */;
CREATE TABLE `employee` (
  `employee_id` int NOT NULL AUTO_INCREMENT,
  `name` varchar(100) NOT NULL,
  `email` varchar(100) NOT NULL,
  `position` varchar(50) DEFAULT NULL,
  `created_at` timestamp NULL DEFAULT CURRENT_TIMESTAMP,
  PRIMARY KEY (`employee_id`),
  UNIQUE KEY `email` (`email`)
) ENGINE=InnoDB AUTO_INCREMENT=3 DEFAULT CHARSET=utf8mb4 COLLATE=utf8mb4_0900_ai_ci;
/*!40101 SET character_set_client = @saved_cs_client */;

--
-- Dumping data for table `employee`
--

LOCK TABLES `employee` WRITE;
/*!40000 ALTER TABLE `employee` DISABLE KEYS */;
INSERT INTO `employee` VALUES (1,'Alice Mwangi','alice@example.com','Manager','2025-05-05 20:46:37'),(2,'John Otieno','john@example.com','Inventory Clerk','2025-05-05 20:46:37');
/*!40000 ALTER TABLE `employee` ENABLE KEYS */;
UNLOCK TABLES;

--
-- Table structure for table `inventory_transaction`
--

DROP TABLE IF EXISTS `inventory_transaction`;
/*!40101 SET @saved_cs_client     = @@character_set_client */;
/*!50503 SET character_set_client = utf8mb4 */;
CREATE TABLE `inventory_transaction` (
  `transaction_id` int NOT NULL AUTO_INCREMENT,
  `product_id` int NOT NULL,
  `employee_id` int DEFAULT NULL,
  `transaction_type` enum('IN','OUT') NOT NULL,
  `quantity` int NOT NULL,
  `transaction_date` timestamp NULL DEFAULT CURRENT_TIMESTAMP,
  `notes` text,
  PRIMARY KEY (`transaction_id`),
  KEY `product_id` (`product_id`),
  KEY `employee_id` (`employee_id`),
  CONSTRAINT `inventory_transaction_ibfk_1` FOREIGN KEY (`product_id`) REFERENCES `product` (`product_id`),
  CONSTRAINT `inventory_transaction_ibfk_2` FOREIGN KEY (`employee_id`) REFERENCES `employee` (`employee_id`),
  CONSTRAINT `inventory_transaction_chk_1` CHECK ((`quantity` > 0))
) ENGINE=InnoDB AUTO_INCREMENT=4 DEFAULT CHARSET=utf8mb4 COLLATE=utf8mb4_0900_ai_ci;
/*!40101 SET character_set_client = @saved_cs_client */;

--
-- Dumping data for table `inventory_transaction`
--

LOCK TABLES `inventory_transaction` WRITE;
/*!40000 ALTER TABLE `inventory_transaction` DISABLE KEYS */;
INSERT INTO `inventory_transaction` VALUES (1,1,1,'IN',10,'2025-05-05 20:46:37','Initial stock received'),(2,2,2,'IN',100,'2025-05-05 20:46:37','Bulk order from Stationery Hub'),(3,3,1,'OUT',20,'2025-05-05 20:46:37','Sold at Outlet Store');
/*!40000 ALTER TABLE `inventory_transaction` ENABLE KEYS */;
UNLOCK TABLES;

--
-- Table structure for table `location`
--

DROP TABLE IF EXISTS `location`;
/*!40101 SET @saved_cs_client     = @@character_set_client */;
/*!50503 SET character_set_client = utf8mb4 */;
CREATE TABLE `location` (
  `location_id` int NOT NULL AUTO_INCREMENT,
  `name` varchar(100) NOT NULL,
  `address` text,
  PRIMARY KEY (`location_id`),
  UNIQUE KEY `name` (`name`)
) ENGINE=InnoDB AUTO_INCREMENT=3 DEFAULT CHARSET=utf8mb4 COLLATE=utf8mb4_0900_ai_ci;
/*!40101 SET character_set_client = @saved_cs_client */;

--
-- Dumping data for table `location`
--

LOCK TABLES `location` WRITE;
/*!40000 ALTER TABLE `location` DISABLE KEYS */;
INSERT INTO `location` VALUES (1,'Main Warehouse','123 Central Road'),(2,'Outlet Store','456 River Street');
/*!40000 ALTER TABLE `location` ENABLE KEYS */;
UNLOCK TABLES;

--
-- Table structure for table `product`
--

DROP TABLE IF EXISTS `product`;
/*!40101 SET @saved_cs_client     = @@character_set_client */;
/*!50503 SET character_set_client = utf8mb4 */;
CREATE TABLE `product` (
  `product_id` int NOT NULL AUTO_INCREMENT,
  `name` varchar(100) NOT NULL,
  `sku` varchar(50) NOT NULL,
  `category_id` int DEFAULT NULL,
  `quantity_in_stock` int DEFAULT '0',
  `location_id` int DEFAULT NULL,
  `created_at` timestamp NULL DEFAULT CURRENT_TIMESTAMP,
  PRIMARY KEY (`product_id`),
  UNIQUE KEY `sku` (`sku`),
  KEY `category_id` (`category_id`),
  KEY `location_id` (`location_id`),
  CONSTRAINT `product_ibfk_1` FOREIGN KEY (`category_id`) REFERENCES `category` (`category_id`),
  CONSTRAINT `product_ibfk_2` FOREIGN KEY (`location_id`) REFERENCES `location` (`location_id`)
) ENGINE=InnoDB AUTO_INCREMENT=4 DEFAULT CHARSET=utf8mb4 COLLATE=utf8mb4_0900_ai_ci;
/*!40101 SET character_set_client = @saved_cs_client */;

--
-- Dumping data for table `product`
--

LOCK TABLES `product` WRITE;
/*!40000 ALTER TABLE `product` DISABLE KEYS */;
INSERT INTO `product` VALUES (1,'Laptop HP EliteBook','HP-ELITE-001',1,10,1,'2025-05-05 20:46:37'),(2,'A4 Printing Paper (500 Sheets)','A4-PRT-500',2,50,1,'2025-05-05 20:46:37'),(3,'Sugar 1kg','SUGAR-1KG',3,200,2,'2025-05-05 20:46:37');
/*!40000 ALTER TABLE `product` ENABLE KEYS */;
UNLOCK TABLES;

--
-- Table structure for table `product_supplier`
--

DROP TABLE IF EXISTS `product_supplier`;
/*!40101 SET @saved_cs_client     = @@character_set_client */;
/*!50503 SET character_set_client = utf8mb4 */;
CREATE TABLE `product_supplier` (
  `product_id` int NOT NULL,
  `supplier_id` int NOT NULL,
  PRIMARY KEY (`product_id`,`supplier_id`),
  KEY `supplier_id` (`supplier_id`),
  CONSTRAINT `product_supplier_ibfk_1` FOREIGN KEY (`product_id`) REFERENCES `product` (`product_id`) ON DELETE CASCADE,
  CONSTRAINT `product_supplier_ibfk_2` FOREIGN KEY (`supplier_id`) REFERENCES `supplier` (`supplier_id`) ON DELETE CASCADE
) ENGINE=InnoDB DEFAULT CHARSET=utf8mb4 COLLATE=utf8mb4_0900_ai_ci;
/*!40101 SET character_set_client = @saved_cs_client */;

--
-- Dumping data for table `product_supplier`
--

LOCK TABLES `product_supplier` WRITE;
/*!40000 ALTER TABLE `product_supplier` DISABLE KEYS */;
INSERT INTO `product_supplier` VALUES (1,1),(2,2),(3,2);
/*!40000 ALTER TABLE `product_supplier` ENABLE KEYS */;
UNLOCK TABLES;

--
-- Table structure for table `supplier`
--

DROP TABLE IF EXISTS `supplier`;
/*!40101 SET @saved_cs_client     = @@character_set_client */;
/*!50503 SET character_set_client = utf8mb4 */;
CREATE TABLE `supplier` (
  `supplier_id` int NOT NULL AUTO_INCREMENT,
  `name` varchar(100) NOT NULL,
  `contact_email` varchar(100) DEFAULT NULL,
  `phone` varchar(20) DEFAULT NULL,
  PRIMARY KEY (`supplier_id`),
  UNIQUE KEY `name` (`name`)
) ENGINE=InnoDB AUTO_INCREMENT=3 DEFAULT CHARSET=utf8mb4 COLLATE=utf8mb4_0900_ai_ci;
/*!40101 SET character_set_client = @saved_cs_client */;

--
-- Dumping data for table `supplier`
--

LOCK TABLES `supplier` WRITE;
/*!40000 ALTER TABLE `supplier` DISABLE KEYS */;
INSERT INTO `supplier` VALUES (1,'TechWorld Ltd','sales@techworld.com','0711222333'),(2,'Stationery Hub','contact@stationeryhub.com','0722111222');
/*!40000 ALTER TABLE `supplier` ENABLE KEYS */;
UNLOCK TABLES;
/*!40103 SET TIME_ZONE=@OLD_TIME_ZONE */;

/*!40101 SET SQL_MODE=@OLD_SQL_MODE */;
/*!40014 SET FOREIGN_KEY_CHECKS=@OLD_FOREIGN_KEY_CHECKS */;
/*!40014 SET UNIQUE_CHECKS=@OLD_UNIQUE_CHECKS */;
/*!40101 SET CHARACTER_SET_CLIENT=@OLD_CHARACTER_SET_CLIENT */;
/*!40101 SET CHARACTER_SET_RESULTS=@OLD_CHARACTER_SET_RESULTS */;
/*!40101 SET COLLATION_CONNECTION=@OLD_COLLATION_CONNECTION */;
/*!40111 SET SQL_NOTES=@OLD_SQL_NOTES */;

-- Dump completed on 2025-05-06  0:11:12
